{"loss": [0.691308137913102, 0.6896972097104009, 0.6862668257532903, 0.6841531811272005, 0.6826381124311433, 0.6807452091812211, 0.678760390417429, 0.6773159092636359, 0.675915426542501, 0.6745603751664662, 0.6735479644329173, 0.6723818114999097, 0.6713726259305406, 0.6703362088404807, 0.6694201217122948, 0.6687943367402874, 0.668338110694808, 0.6676293761593973, 0.6668976058338766, 0.6661439538030139, 0.6657451341292911, 0.6658973591963582, 0.6652654921243036, 0.6647371226493132, 0.6642969021044921, 0.6635760307405763, 0.6630846714641571, 0.6625889917835813, 0.6624886228062196, 0.6625136323137536, 0.6618619618327332, 0.6611627076224438, 0.6610049662314024, 0.6604864155677584, 0.6601072778389966, 0.6597048987416398, 0.6592151601148324, 0.6591314622216883, 0.658844430777285, 0.6586285700083089], "val_loss": [0.6893426941403308, 0.6874372621712116, 0.6869332261129132, 0.6868071530884113, 0.6862242155407625, 0.6851861362724014, 0.6854006301782896, 0.6865602227546751, 0.6884787431656416, 0.6882725502868091, 0.6878458924730892, 0.6897804269485295, 0.6934806593366942, 0.6923054127062581, 0.6943815113866152, 0.6962307883018699, 0.6941299906346006, 0.7000348715887045, 0.7023344960630001, 0.6977471168569378, 0.7032636266554552, 0.7036261042432098, 0.701836662030396, 0.7031848027852805, 0.7066834731579583, 0.708059638489197, 0.711107331055461, 0.7120395038789559, 0.7093521400106362, 0.7037058148908995, 0.7139624342060522, 0.7140158328974516, 0.7119555785900369, 0.7147399364846198, 0.7195006385395937, 0.7182410394233246, 0.7166557766817016, 0.7177550627247705, 0.7174077681227347, 0.7259204517954704], "acc": [0.5230682734785732, 0.5261865144365447, 0.5366658484880448, 0.5381187992218573, 0.5390762919440908, 0.5442825360515379, 0.5482226086400663, 0.5497876273754151, 0.5507687131519291, 0.5519405120913773, 0.5528095293811929, 0.5536136662951615, 0.5543411245188943, 0.5547009220430232, 0.5548896674956393, 0.555569939521513, 0.5557331265392467, 0.555729193083869, 0.5568891956559054, 0.5571782124714707, 0.5571959077074404, 0.5578388229245109, 0.5581396379710266, 0.558287095214487, 0.5587884521363436, 0.5594903514337035, 0.5599504202689842, 0.559924860622368, 0.5601529283288431, 0.5607997770910581, 0.5606798439769138, 0.56155869377723, 0.5618359138695979, 0.5627127956176384, 0.562948728818992, 0.5626774056460957, 0.5631591018358323, 0.5637469670999524, 0.5634481190608557, 0.5641087300206209], "val_acc": [0.5276068612969106, 0.5379996258856669, 0.5354456721774126, 0.5378403731432765, 0.5356049253967006, 0.5435911936092848, 0.5446528838137443, 0.5454491514887102, 0.5455966075066433, 0.5446056972252921, 0.5454845401361152, 0.5455081333962396, 0.5450952531936458, 0.5455907088760827, 0.5457027756819978, 0.5464577554975101, 0.5457499632639722, 0.5459917924180282, 0.5462867063481254, 0.5460330807640474, 0.5456496926251084, 0.5457794546188722, 0.5454609476641991, 0.5461510450473905, 0.5460684699999719, 0.5452663039335096, 0.5443815629672859, 0.5452545062638704, 0.5459328104324515, 0.5450775589845535, 0.5445526119064349, 0.5440453604366365, 0.5447826463158707, 0.5458325387677218, 0.5448770186497229, 0.5448180353127311, 0.5443402741480604, 0.5453960666887627, 0.5439568861195128, 0.5460802666929642]}