{"loss": [0.45647843755722045, 0.2987984644126892], "val_loss": [0.40434507944107057, 0.38494658471107485], "acc": [0.78464, 0.87948], "val_acc": [0.81916, 0.82904]}